[{"model": "review_api.business", "pk": 1, "fields": {"business_name": "Amazon reviews"}}, {"model": "review_api.business", "pk": 2, "fields": {"business_name": "Women Ecommerce reviews"}}, {"model": "review_api.business", "pk": 3, "fields": {"business_name": "Bank reviews"}}, {"model": "review_api.business", "pk": 4, "fields": {"business_name": "Bank reviews"}}, {"model": "review_api.category", "pk": 1, "fields": {"business": 1, "category_name": "Health & Beauty"}}, {"model": "review_api.category", "pk": 2, "fields": {"business": 1, "category_name": "Electronics"}}, {"model": "review_api.category", "pk": 3, "fields": {"business": 1, "category_name": "Office Supplies"}}, {"model": "review_api.category", "pk": 4, "fields": {"business": 1, "category_name": "Animals & Pet Supplies"}}, {"model": "review_api.category", "pk": 5, "fields": {"business": 1, "category_name": "Home & Garden"}}, {"model": "review_api.category", "pk": 6, "fields": {"business": 1, "category_name": "Electronics,Furniture"}}, {"model": "review_api.category", "pk": 7, "fields": {"business": 1, "category_name": "Toys & Games,Electronics"}}, {"model": "review_api.category", "pk": 8, "fields": {"business": 1, "category_name": "Electronics,Media"}}, {"model": "review_api.category", "pk": 9, "fields": {"business": 1, "category_name": "Office Supplies,Electronics"}}, {"model": "review_api.category", "pk": 10, "fields": {"business": 2, "category_name": "Dresses"}}, {"model": "review_api.category", "pk": 11, "fields": {"business": 2, "category_name": "Bottoms"}}, {"model": "review_api.category", "pk": 12, "fields": {"business": 2, "category_name": "Tops"}}, {"model": "review_api.category", "pk": 13, "fields": {"business": 2, "category_name": "Intimate"}}, {"model": "review_api.category", "pk": 14, "fields": {"business": 2, "category_name": "Jackets"}}, {"model": "review_api.category", "pk": 15, "fields": {"business": 2, "category_name": "Trend"}}, {"model": "review_api.category", "pk": 16, "fields": {"business": 3, "category_name": "Wyndham Capital Mortgage"}}, {"model": "review_api.category", "pk": 17, "fields": {"business": 3, "category_name": "North American Savings Bank"}}, {"model": "review_api.category", "pk": 18, "fields": {"business": 3, "category_name": "Reliance First Capital"}}, {"model": "review_api.category", "pk": 19, "fields": {"business": 3, "category_name": "Pacific Beneficial Mortgage Co"}}, {"model": "review_api.category", "pk": 20, "fields": {"business": 3, "category_name": "Triumph Lending"}}, {"model": "review_api.category", "pk": 21, "fields": {"business": 3, "category_name": "LoanSnap"}}, {"model": "review_api.category", "pk": 22, "fields": {"business": 3, "category_name": "Guarenteed Rate Inc"}}, {"model": "review_api.category", "pk": 23, "fields": {"business": 4, "category_name": "Turkish Airlines"}}, {"model": "review_api.category", "pk": 24, "fields": {"business": 4, "category_name": "Qatar Airways"}}, {"model": "review_api.category", "pk": 25, "fields": {"business": 4, "category_name": "Emirates"}}, {"model": "review_api.category", "pk": 26, "fields": {"business": 4, "category_name": "Lufthansa"}}, {"model": "review_api.category", "pk": 27, "fields": {"business": 4, "category_name": "KLM Royal Dutch Airlines"}}, {"model": "review_api.category", "pk": 28, "fields": {"business": 4, "category_name": "Virgin America"}}, {"model": "review_api.category", "pk": 29, "fields": {"business": 4, "category_name": "American Airlines"}}, {"model": "review_api.category", "pk": 30, "fields": {"business": 4, "category_name": "Delta Air Lines"}}, {"model": "review_api.category", "pk": 31, "fields": {"business": 4, "category_name": "Southwest Airlines"}}, {"model": "review_api.category", "pk": 32, "fields": {"business": 4, "category_name": "United Airlines"}}, {"model": "review_api.category", "pk": 33, "fields": {"business": 4, "category_name": "Jetblue Airways"}}, {"model": "review_api.category", "pk": 34, "fields": {"business": 4, "category_name": "Aegean Airlines"}}, {"model": "review_api.category", "pk": 35, "fields": {"business": 4, "category_name": "Aeroflot Russian Airlines"}}, {"model": "review_api.category", "pk": 36, "fields": {"business": 4, "category_name": "Aeromexico"}}, {"model": "review_api.category", "pk": 37, "fields": {"business": 4, "category_name": "Air Canada"}}, {"model": "review_api.category", "pk": 38, "fields": {"business": 4, "category_name": "Air New Zealand"}}, {"model": "review_api.category", "pk": 39, "fields": {"business": 4, "category_name": "Alitalia"}}, {"model": "review_api.category", "pk": 40, "fields": {"business": 4, "category_name": "AirAsia"}}, {"model": "review_api.category", "pk": 41, "fields": {"business": 4, "category_name": "Asiana Airlines"}}, {"model": "review_api.category", "pk": 42, "fields": {"business": 4, "category_name": "Avianca"}}, {"model": "review_api.category", "pk": 43, "fields": {"business": 4, "category_name": "Austrian Airlines"}}, {"model": "review_api.category", "pk": 44, "fields": {"business": 4, "category_name": "British Airways"}}, {"model": "review_api.category", "pk": 45, "fields": {"business": 4, "category_name": "Brussels Airlines"}}, {"model": "review_api.category", "pk": 46, "fields": {"business": 4, "category_name": "China Eastern Airlines"}}, {"model": "review_api.category", "pk": 47, "fields": {"business": 4, "category_name": "China Southern Airlines"}}, {"model": "review_api.category", "pk": 48, "fields": {"business": 4, "category_name": "Copa Airlines"}}, {"model": "review_api.category", "pk": 49, "fields": {"business": 4, "category_name": "Ethiopian Airlines"}}, {"model": "review_api.category", "pk": 50, "fields": {"business": 4, "category_name": "Egyptair"}}, {"model": "review_api.category", "pk": 51, "fields": {"business": 4, "category_name": "Finnair"}}, {"model": "review_api.category", "pk": 52, "fields": {"business": 4, "category_name": "Iberia"}}, {"model": "review_api.category", "pk": 53, "fields": {"business": 4, "category_name": "ANA All Nippon Airways"}}, {"model": "review_api.category", "pk": 54, "fields": {"business": 4, "category_name": "easyJet"}}, {"model": "review_api.category", "pk": 55, "fields": {"business": 4, "category_name": "Korean Air"}}, {"model": "review_api.category", "pk": 56, "fields": {"business": 4, "category_name": "LATAM Airlines"}}, {"model": "review_api.category", "pk": 57, "fields": {"business": 4, "category_name": "LOT Polish Airlines"}}, {"model": "review_api.category", "pk": 58, "fields": {"business": 4, "category_name": "Qantas Airways"}}, {"model": "review_api.category", "pk": 59, "fields": {"business": 4, "category_name": "Air France"}}, {"model": "review_api.category", "pk": 60, "fields": {"business": 4, "category_name": "Etihad Airways"}}, {"model": "review_api.category", "pk": 61, "fields": {"business": 4, "category_name": "Pegasus Airlines"}}, {"model": "review_api.category", "pk": 62, "fields": {"business": 4, "category_name": "Royal Jordanian Airlines"}}, {"model": "review_api.category", "pk": 63, "fields": {"business": 4, "category_name": "Ryanair"}}, {"model": "review_api.category", "pk": 64, "fields": {"business": 4, "category_name": "South African Airways"}}, {"model": "review_api.category", "pk": 65, "fields": {"business": 4, "category_name": "Saudi Arabian Airlines"}}, {"model": "review_api.category", "pk": 66, "fields": {"business": 4, "category_name": "TAP Portugal"}}, {"model": "review_api.category", "pk": 67, "fields": {"business": 4, "category_name": "Eurowings"}}, {"model": "review_api.category", "pk": 68, "fields": {"business": 4, "category_name": "EVA Air"}}, {"model": "review_api.category", "pk": 69, "fields": {"business": 4, "category_name": "Royal Air Maroc"}}, {"model": "review_api.category", "pk": 70, "fields": {"business": 4, "category_name": "Singapore Airlines"}}, {"model": "review_api.category", "pk": 71, "fields": {"business": 4, "category_name": "SAS Scandinavian"}}, {"model": "review_api.category", "pk": 72, "fields": {"business": 4, "category_name": "Swiss Intl Air Lines"}}, {"model": "review_api.category", "pk": 73, "fields": {"business": 4, "category_name": "Thai Airways"}}, {"model": "review_api.category", "pk": 74, "fields": {"business": 4, "category_name": "Air India"}}, {"model": "review_api.category", "pk": 75, "fields": {"business": 4, "category_name": "Air Europa"}}, {"model": "review_api.category", "pk": 76, "fields": {"business": 4, "category_name": "Air Canada rouge"}}, {"model": "review_api.category", "pk": 77, "fields": {"business": 4, "category_name": "airBaltic"}}, {"model": "review_api.category", "pk": 78, "fields": {"business": 4, "category_name": "Air China"}}, {"model": "review_api.category", "pk": 79, "fields": {"business": 4, "category_name": "Cathay Pacific Airways"}}, {"model": "review_api.category", "pk": 80, "fields": {"business": 4, "category_name": "Wizz Air"}}, {"model": "review_api.category", "pk": 81, "fields": {"business": 4, "category_name": "Spirit Airlines"}}, {"model": "review_api.category", "pk": 82, "fields": {"business": 4, "category_name": "TAROM Romanian"}}, {"model": "review_api.category", "pk": 83, "fields": {"business": 4, "category_name": "Vueling Airlines"}}, {"model": "review_api.category", "pk": 84, "fields": {"business": 4, "category_name": "Sunwing Airlines"}}, {"model": "review_api.category", "pk": 85, "fields": {"business": 4, "category_name": "QantasLink"}}, {"model": "review_api.category", "pk": 86, "fields": {"business": 4, "category_name": "Bangkok Airways"}}, {"model": "review_api.category", "pk": 87, "fields": {"business": 4, "category_name": "flydubai"}}, {"model": "review_api.category", "pk": 88, "fields": {"business": 4, "category_name": "Garuda Indonesia"}}, {"model": "review_api.category", "pk": 89, "fields": {"business": 4, "category_name": "Germanwings"}}, {"model": "review_api.category", "pk": 90, "fields": {"business": 4, "category_name": "Frontier Airlines"}}, {"model": "review_api.category", "pk": 91, "fields": {"business": 4, "category_name": "Icelandair"}}, {"model": "review_api.category", "pk": 92, "fields": {"business": 4, "category_name": "IndiGo"}}, {"model": "review_api.category", "pk": 93, "fields": {"business": 4, "category_name": "Aer Lingus"}}, {"model": "review_api.category", "pk": 94, "fields": {"business": 4, "category_name": "Adria Airways"}}, {"model": "review_api.category", "pk": 95, "fields": {"business": 4, "category_name": "Air Arabia"}}, {"model": "review_api.category", "pk": 96, "fields": {"business": 4, "category_name": "Alaska Airlines"}}, {"model": "review_api.category", "pk": 97, "fields": {"business": 4, "category_name": "Tunisair"}}, {"model": "review_api.category", "pk": 98, "fields": {"business": 4, "category_name": "Norwegian"}}, {"model": "review_api.category", "pk": 99, "fields": {"business": 4, "category_name": "Thai Smile Airways"}}, {"model": "review_api.category", "pk": 100, "fields": {"business": 4, "category_name": "Gulf Air"}}, {"model": "review_api.category", "pk": 101, "fields": {"business": 4, "category_name": "Kuwait Airways"}}, {"model": "review_api.category", "pk": 102, "fields": {"business": 4, "category_name": "WOW air"}}, {"model": "review_api.category", "pk": 103, "fields": {"business": 4, "category_name": "Ukraine International"}}, {"model": "review_api.sentiment", "pk": 1, "fields": {"business": 1, "positive": 23805, "negative": 4527}}, {"model": "review_api.sentiment", "pk": 2, "fields": {"business": 2, "positive": 18443, "negative": 1219}}, {"model": "review_api.sentiment", "pk": 3, "fields": {"business": 3, "positive": 466, "negative": 39}}, {"model": "review_api.sentiment", "pk": 4, "fields": {"business": 4, "positive": 46762, "negative": 19185}}, {"model": "review_api.emotion", "pk": 1, "fields": {"business": 1, "happy": 117, "sad": 3244, "angry": 8139, "surprise": 13150, "love": 2009, "joy": 1673}}, {"model": "review_api.emotion", "pk": 2, "fields": {"business": 2, "happy": 74, "sad": 6337, "angry": 1784, "surprise": 9197, "love": 933, "joy": 1337}}, {"model": "review_api.emotion", "pk": 3, "fields": {"business": 3, "happy": 7, "sad": 160, "angry": 39, "surprise": 203, "love": 19, "joy": 77}}, {"model": "review_api.emotion", "pk": 4, "fields": {"business": 4, "happy": 692, "sad": 17014, "angry": 7403, "surprise": 27943, "love": 6863, "joy": 6032}}, {"model": "review_api.offense", "pk": 1, "fields": {"business": 1, "offensive": 10, "non_offensive": 28322}}, {"model": "review_api.offense", "pk": 2, "fields": {"business": 2, "offensive": 84, "non_offensive": 19578}}, {"model": "review_api.offense", "pk": 3, "fields": {"business": 3, "offensive": 0, "non_offensive": 505}}, {"model": "review_api.offense", "pk": 4, "fields": {"business": 4, "offensive": 2, "non_offensive": 65945}}, {"model": "review_api.categorydata", "pk": 1, "fields": {"category_id": 4, "positive": 6, "negative": 0, "happy": 0, "sad": 1, "angry": 2, "surprise": 3, "love": 0, "joy": 0, "offensive": 0, "non_offensive": 6}}, {"model": "review_api.categorydata", "pk": 2, "fields": {"category_id": 2, "positive": 12547, "negative": 1448, "happy": 26, "sad": 1574, "angry": 4601, "surprise": 5641, "love": 1356, "joy": 797, "offensive": 8, "non_offensive": 13987}}, {"model": "review_api.categorydata", "pk": 3, "fields": {"category_id": 6, "positive": 1, "negative": 1, "happy": 0, "sad": 0, "angry": 0, "surprise": 1, "love": 1, "joy": 0, "offensive": 0, "non_offensive": 2}}, {"model": "review_api.categorydata", "pk": 4, "fields": {"category_id": 8, "positive": 173, "negative": 12, "happy": 0, "sad": 15, "angry": 62, "surprise": 45, "love": 48, "joy": 15, "offensive": 0, "non_offensive": 185}}, {"model": "review_api.categorydata", "pk": 5, "fields": {"category_id": 1, "positive": 9241, "negative": 2830, "happy": 91, "sad": 1425, "angry": 2689, "surprise": 6715, "love": 425, "joy": 726, "offensive": 1, "non_offensive": 12070}}, {"model": "review_api.categorydata", "pk": 6, "fields": {"category_id": 5, "positive": 1, "negative": 1, "happy": 0, "sad": 0, "angry": 1, "surprise": 1, "love": 0, "joy": 0, "offensive": 0, "non_offensive": 2}}, {"model": "review_api.categorydata", "pk": 7, "fields": {"category_id": 3, "positive": 9, "negative": 0, "happy": 0, "sad": 1, "angry": 3, "surprise": 5, "love": 0, "joy": 0, "offensive": 0, "non_offensive": 9}}, {"model": "review_api.categorydata", "pk": 8, "fields": {"category_id": 9, "positive": 350, "negative": 36, "happy": 0, "sad": 36, "angry": 134, "surprise": 136, "love": 41, "joy": 39, "offensive": 1, "non_offensive": 385}}, {"model": "review_api.categorydata", "pk": 9, "fields": {"category_id": 7, "positive": 1477, "negative": 199, "happy": 0, "sad": 192, "angry": 647, "surprise": 603, "love": 138, "joy": 96, "offensive": 0, "non_offensive": 1676}}, {"model": "review_api.categorydata", "pk": 10, "fields": {"category_id": 11, "positive": 2984, "negative": 200, "happy": 9, "sad": 1059, "angry": 381, "surprise": 1294, "love": 161, "joy": 280, "offensive": 12, "non_offensive": 3172}}, {"model": "review_api.categorydata", "pk": 11, "fields": {"category_id": 10, "positive": 5033, "negative": 338, "happy": 11, "sad": 1833, "angry": 501, "surprise": 2476, "love": 251, "joy": 299, "offensive": 13, "non_offensive": 5358}}, {"model": "review_api.categorydata", "pk": 12, "fields": {"category_id": 13, "positive": 1300, "negative": 108, "happy": 10, "sad": 477, "angry": 132, "surprise": 628, "love": 75, "joy": 86, "offensive": 3, "non_offensive": 1405}}, {"model": "review_api.categorydata", "pk": 13, "fields": {"category_id": 14, "positive": 820, "negative": 59, "happy": 3, "sad": 238, "angry": 73, "surprise": 469, "love": 45, "joy": 51, "offensive": 3, "non_offensive": 876}}, {"model": "review_api.categorydata", "pk": 14, "fields": {"category_id": 12, "positive": 8210, "negative": 503, "happy": 40, "sad": 2703, "angry": 684, "surprise": 4273, "love": 399, "joy": 614, "offensive": 53, "non_offensive": 8660}}, {"model": "review_api.categorydata", "pk": 15, "fields": {"category_id": 15, "positive": 96, "negative": 11, "happy": 1, "sad": 27, "angry": 13, "surprise": 57, "love": 2, "joy": 7, "offensive": 0, "non_offensive": 107}}, {"model": "review_api.categorydata", "pk": 16, "fields": {"category_id": 22, "positive": 70, "negative": 11, "happy": 0, "sad": 25, "angry": 3, "surprise": 37, "love": 4, "joy": 12, "offensive": 0, "non_offensive": 81}}, {"model": "review_api.categorydata", "pk": 17, "fields": {"category_id": 21, "positive": 40, "negative": 0, "happy": 2, "sad": 15, "angry": 3, "surprise": 13, "love": 3, "joy": 4, "offensive": 0, "non_offensive": 40}}, {"model": "review_api.categorydata", "pk": 18, "fields": {"category_id": 17, "positive": 182, "negative": 11, "happy": 0, "sad": 55, "angry": 12, "surprise": 94, "love": 4, "joy": 28, "offensive": 0, "non_offensive": 193}}, {"model": "review_api.categorydata", "pk": 19, "fields": {"category_id": 19, "positive": 49, "negative": 2, "happy": 2, "sad": 17, "angry": 6, "surprise": 17, "love": 1, "joy": 8, "offensive": 0, "non_offensive": 51}}, {"model": "review_api.categorydata", "pk": 20, "fields": {"category_id": 18, "positive": 46, "negative": 12, "happy": 1, "sad": 20, "angry": 7, "surprise": 10, "love": 5, "joy": 15, "offensive": 0, "non_offensive": 58}}, {"model": "review_api.categorydata", "pk": 21, "fields": {"category_id": 20, "positive": 59, "negative": 1, "happy": 1, "sad": 17, "angry": 7, "surprise": 27, "love": 1, "joy": 7, "offensive": 0, "non_offensive": 60}}, {"model": "review_api.categorydata", "pk": 22, "fields": {"category_id": 16, "positive": 20, "negative": 2, "happy": 1, "sad": 11, "angry": 1, "surprise": 5, "love": 1, "joy": 3, "offensive": 0, "non_offensive": 22}}, {"model": "review_api.categorydata", "pk": 23, "fields": {"category_id": 53, "positive": 422, "negative": 51, "happy": 3, "sad": 112, "angry": 87, "surprise": 196, "love": 34, "joy": 41, "offensive": 0, "non_offensive": 473}}, {"model": "review_api.categorydata", "pk": 24, "fields": {"category_id": 94, "positive": 75, "negative": 10, "happy": 1, "sad": 22, "angry": 19, "surprise": 33, "love": 7, "joy": 3, "offensive": 0, "non_offensive": 85}}, {"model": "review_api.categorydata", "pk": 25, "fields": {"category_id": 34, "positive": 458, "negative": 73, "happy": 7, "sad": 119, "angry": 39, "surprise": 233, "love": 102, "joy": 31, "offensive": 0, "non_offensive": 531}}, {"model": "review_api.categorydata", "pk": 26, "fields": {"category_id": 93, "positive": 554, "negative": 161, "happy": 4, "sad": 207, "angry": 118, "surprise": 236, "love": 82, "joy": 68, "offensive": 0, "non_offensive": 715}}, {"model": "review_api.categorydata", "pk": 27, "fields": {"category_id": 35, "positive": 396, "negative": 107, "happy": 12, "sad": 134, "angry": 42, "surprise": 206, "love": 52, "joy": 57, "offensive": 0, "non_offensive": 503}}, {"model": "review_api.categorydata", "pk": 28, "fields": {"category_id": 36, "positive": 282, "negative": 155, "happy": 1, "sad": 86, "angry": 41, "surprise": 213, "love": 45, "joy": 51, "offensive": 0, "non_offensive": 437}}, {"model": "review_api.categorydata", "pk": 29, "fields": {"category_id": 95, "positive": 53, "negative": 27, "happy": 0, "sad": 13, "angry": 10, "surprise": 42, "love": 10, "joy": 5, "offensive": 0, "non_offensive": 80}}, {"model": "review_api.categorydata", "pk": 30, "fields": {"category_id": 37, "positive": 867, "negative": 414, "happy": 12, "sad": 283, "angry": 113, "surprise": 575, "love": 156, "joy": 142, "offensive": 1, "non_offensive": 1280}}, {"model": "review_api.categorydata", "pk": 31, "fields": {"category_id": 76, "positive": 1276, "negative": 916, "happy": 16, "sad": 664, "angry": 138, "surprise": 848, "love": 238, "joy": 288, "offensive": 0, "non_offensive": 2192}}, {"model": "review_api.categorydata", "pk": 32, "fields": {"category_id": 78, "positive": 824, "negative": 530, "happy": 14, "sad": 316, "angry": 120, "surprise": 556, "love": 156, "joy": 192, "offensive": 0, "non_offensive": 1354}}, {"model": "review_api.categorydata", "pk": 33, "fields": {"category_id": 75, "positive": 392, "negative": 292, "happy": 10, "sad": 166, "angry": 50, "surprise": 272, "love": 82, "joy": 104, "offensive": 0, "non_offensive": 684}}, {"model": "review_api.categorydata", "pk": 34, "fields": {"category_id": 59, "positive": 673, "negative": 259, "happy": 12, "sad": 267, "angry": 104, "surprise": 386, "love": 74, "joy": 89, "offensive": 0, "non_offensive": 932}}, {"model": "review_api.categorydata", "pk": 35, "fields": {"category_id": 74, "positive": 938, "negative": 444, "happy": 14, "sad": 598, "angry": 152, "surprise": 374, "love": 124, "joy": 120, "offensive": 0, "non_offensive": 1382}}, {"model": "review_api.categorydata", "pk": 36, "fields": {"category_id": 38, "positive": 473, "negative": 137, "happy": 5, "sad": 177, "angry": 56, "surprise": 246, "love": 35, "joy": 91, "offensive": 0, "non_offensive": 610}}, {"model": "review_api.categorydata", "pk": 37, "fields": {"category_id": 40, "positive": 483, "negative": 144, "happy": 1, "sad": 153, "angry": 52, "surprise": 307, "love": 72, "joy": 42, "offensive": 0, "non_offensive": 627}}, {"model": "review_api.categorydata", "pk": 38, "fields": {"category_id": 96, "positive": 420, "negative": 165, "happy": 5, "sad": 126, "angry": 45, "surprise": 284, "love": 69, "joy": 56, "offensive": 0, "non_offensive": 585}}, {"model": "review_api.categorydata", "pk": 39, "fields": {"category_id": 39, "positive": 394, "negative": 232, "happy": 7, "sad": 165, "angry": 68, "surprise": 251, "love": 82, "joy": 53, "offensive": 0, "non_offensive": 626}}, {"model": "review_api.categorydata", "pk": 40, "fields": {"category_id": 29, "positive": 1649, "negative": 1218, "happy": 12, "sad": 559, "angry": 210, "surprise": 1459, "love": 370, "joy": 257, "offensive": 1, "non_offensive": 2866}}, {"model": "review_api.categorydata", "pk": 41, "fields": {"category_id": 41, "positive": 412, "negative": 35, "happy": 11, "sad": 128, "angry": 61, "surprise": 165, "love": 20, "joy": 62, "offensive": 0, "non_offensive": 447}}, {"model": "review_api.categorydata", "pk": 42, "fields": {"category_id": 43, "positive": 389, "negative": 117, "happy": 18, "sad": 148, "angry": 62, "surprise": 185, "love": 45, "joy": 48, "offensive": 0, "non_offensive": 506}}, {"model": "review_api.categorydata", "pk": 43, "fields": {"category_id": 42, "positive": 218, "negative": 88, "happy": 3, "sad": 65, "angry": 37, "surprise": 129, "love": 39, "joy": 33, "offensive": 0, "non_offensive": 306}}, {"model": "review_api.categorydata", "pk": 44, "fields": {"category_id": 86, "positive": 317, "negative": 39, "happy": 6, "sad": 110, "angry": 52, "surprise": 127, "love": 43, "joy": 18, "offensive": 0, "non_offensive": 356}}, {"model": "review_api.categorydata", "pk": 45, "fields": {"category_id": 44, "positive": 2022, "negative": 789, "happy": 44, "sad": 916, "angry": 313, "surprise": 1076, "love": 240, "joy": 222, "offensive": 0, "non_offensive": 2811}}, {"model": "review_api.categorydata", "pk": 46, "fields": {"category_id": 45, "positive": 312, "negative": 110, "happy": 2, "sad": 111, "angry": 61, "surprise": 161, "love": 55, "joy": 32, "offensive": 0, "non_offensive": 422}}, {"model": "review_api.categorydata", "pk": 47, "fields": {"category_id": 79, "positive": 1976, "negative": 426, "happy": 30, "sad": 720, "angry": 320, "surprise": 890, "love": 190, "joy": 252, "offensive": 0, "non_offensive": 2402}}, {"model": "review_api.categorydata", "pk": 48, "fields": {"category_id": 46, "positive": 416, "negative": 196, "happy": 5, "sad": 134, "angry": 90, "surprise": 228, "love": 80, "joy": 75, "offensive": 0, "non_offensive": 612}}, {"model": "review_api.categorydata", "pk": 49, "fields": {"category_id": 47, "positive": 1549, "negative": 173, "happy": 13, "sad": 291, "angry": 165, "surprise": 1015, "love": 103, "joy": 135, "offensive": 0, "non_offensive": 1722}}, {"model": "review_api.categorydata", "pk": 50, "fields": {"category_id": 48, "positive": 162, "negative": 56, "happy": 1, "sad": 54, "angry": 28, "surprise": 100, "love": 18, "joy": 17, "offensive": 0, "non_offensive": 218}}, {"model": "review_api.categorydata", "pk": 51, "fields": {"category_id": 30, "positive": 1062, "negative": 485, "happy": 11, "sad": 316, "angry": 160, "surprise": 747, "love": 177, "joy": 136, "offensive": 0, "non_offensive": 1547}}, {"model": "review_api.categorydata", "pk": 52, "fields": {"category_id": 68, "positive": 480, "negative": 50, "happy": 5, "sad": 142, "angry": 87, "surprise": 204, "love": 31, "joy": 61, "offensive": 0, "non_offensive": 530}}, {"model": "review_api.categorydata", "pk": 53, "fields": {"category_id": 50, "positive": 236, "negative": 93, "happy": 3, "sad": 82, "angry": 37, "surprise": 132, "love": 31, "joy": 44, "offensive": 0, "non_offensive": 329}}, {"model": "review_api.categorydata", "pk": 54, "fields": {"category_id": 25, "positive": 1375, "negative": 411, "happy": 19, "sad": 367, "angry": 618, "surprise": 572, "love": 96, "joy": 114, "offensive": 0, "non_offensive": 1786}}, {"model": "review_api.categorydata", "pk": 55, "fields": {"category_id": 49, "positive": 288, "negative": 132, "happy": 7, "sad": 120, "angry": 54, "surprise": 146, "love": 49, "joy": 44, "offensive": 0, "non_offensive": 420}}, {"model": "review_api.categorydata", "pk": 56, "fields": {"category_id": 60, "positive": 821, "negative": 469, "happy": 19, "sad": 343, "angry": 154, "surprise": 529, "love": 140, "joy": 105, "offensive": 0, "non_offensive": 1290}}, {"model": "review_api.categorydata", "pk": 57, "fields": {"category_id": 67, "positive": 157, "negative": 107, "happy": 3, "sad": 53, "angry": 30, "surprise": 122, "love": 43, "joy": 13, "offensive": 0, "non_offensive": 264}}, {"model": "review_api.categorydata", "pk": 58, "fields": {"category_id": 51, "positive": 530, "negative": 157, "happy": 4, "sad": 221, "angry": 81, "surprise": 263, "love": 65, "joy": 53, "offensive": 0, "non_offensive": 687}}, {"model": "review_api.categorydata", "pk": 59, "fields": {"category_id": 90, "positive": 870, "negative": 754, "happy": 3, "sad": 317, "angry": 86, "surprise": 926, "love": 206, "joy": 86, "offensive": 0, "non_offensive": 1624}}, {"model": "review_api.categorydata", "pk": 60, "fields": {"category_id": 88, "positive": 690, "negative": 54, "happy": 6, "sad": 182, "angry": 87, "surprise": 276, "love": 63, "joy": 130, "offensive": 0, "non_offensive": 744}}, {"model": "review_api.categorydata", "pk": 61, "fields": {"category_id": 89, "positive": 110, "negative": 34, "happy": 1, "sad": 41, "angry": 28, "surprise": 38, "love": 21, "joy": 15, "offensive": 0, "non_offensive": 144}}, {"model": "review_api.categorydata", "pk": 62, "fields": {"category_id": 100, "positive": 199, "negative": 78, "happy": 3, "sad": 86, "angry": 34, "surprise": 97, "love": 24, "joy": 33, "offensive": 0, "non_offensive": 277}}, {"model": "review_api.categorydata", "pk": 63, "fields": {"category_id": 52, "positive": 459, "negative": 193, "happy": 7, "sad": 176, "angry": 64, "surprise": 255, "love": 66, "joy": 84, "offensive": 0, "non_offensive": 652}}, {"model": "review_api.categorydata", "pk": 64, "fields": {"category_id": 91, "positive": 391, "negative": 128, "happy": 6, "sad": 128, "angry": 57, "surprise": 216, "love": 50, "joy": 62, "offensive": 0, "non_offensive": 519}}, {"model": "review_api.categorydata", "pk": 65, "fields": {"category_id": 92, "positive": 216, "negative": 51, "happy": 0, "sad": 95, "angry": 31, "surprise": 108, "love": 21, "joy": 12, "offensive": 0, "non_offensive": 267}}, {"model": "review_api.categorydata", "pk": 66, "fields": {"category_id": 33, "positive": 471, "negative": 174, "happy": 2, "sad": 83, "angry": 139, "surprise": 270, "love": 115, "joy": 36, "offensive": 0, "non_offensive": 645}}, {"model": "review_api.categorydata", "pk": 67, "fields": {"category_id": 27, "positive": 779, "negative": 199, "happy": 25, "sad": 253, "angry": 114, "surprise": 416, "love": 75, "joy": 95, "offensive": 0, "non_offensive": 978}}, {"model": "review_api.categorydata", "pk": 68, "fields": {"category_id": 55, "positive": 439, "negative": 59, "happy": 7, "sad": 116, "angry": 71, "surprise": 205, "love": 29, "joy": 70, "offensive": 0, "non_offensive": 498}}, {"model": "review_api.categorydata", "pk": 69, "fields": {"category_id": 101, "positive": 167, "negative": 103, "happy": 4, "sad": 61, "angry": 27, "surprise": 113, "love": 45, "joy": 20, "offensive": 0, "non_offensive": 270}}, {"model": "review_api.categorydata", "pk": 70, "fields": {"category_id": 56, "positive": 150, "negative": 77, "happy": 1, "sad": 47, "angry": 18, "surprise": 126, "love": 12, "joy": 23, "offensive": 0, "non_offensive": 227}}, {"model": "review_api.categorydata", "pk": 71, "fields": {"category_id": 57, "positive": 288, "negative": 116, "happy": 5, "sad": 106, "angry": 47, "surprise": 177, "love": 49, "joy": 20, "offensive": 0, "non_offensive": 404}}, {"model": "review_api.categorydata", "pk": 72, "fields": {"category_id": 26, "positive": 1187, "negative": 234, "happy": 25, "sad": 395, "angry": 189, "surprise": 520, "love": 149, "joy": 143, "offensive": 0, "non_offensive": 1421}}, {"model": "review_api.categorydata", "pk": 73, "fields": {"category_id": 98, "positive": 902, "negative": 254, "happy": 5, "sad": 289, "angry": 112, "surprise": 515, "love": 152, "joy": 83, "offensive": 0, "non_offensive": 1156}}, {"model": "review_api.categorydata", "pk": 74, "fields": {"category_id": 61, "positive": 180, "negative": 116, "happy": 4, "sad": 89, "angry": 60, "surprise": 96, "love": 29, "joy": 18, "offensive": 0, "non_offensive": 296}}, {"model": "review_api.categorydata", "pk": 75, "fields": {"category_id": 58, "positive": 1108, "negative": 254, "happy": 25, "sad": 323, "angry": 201, "surprise": 555, "love": 94, "joy": 164, "offensive": 0, "non_offensive": 1362}}, {"model": "review_api.categorydata", "pk": 76, "fields": {"category_id": 85, "positive": 95, "negative": 10, "happy": 3, "sad": 23, "angry": 12, "surprise": 42, "love": 14, "joy": 11, "offensive": 0, "non_offensive": 105}}, {"model": "review_api.categorydata", "pk": 77, "fields": {"category_id": 24, "positive": 1288, "negative": 157, "happy": 24, "sad": 364, "angry": 165, "surprise": 671, "love": 80, "joy": 141, "offensive": 0, "non_offensive": 1445}}, {"model": "review_api.categorydata", "pk": 78, "fields": {"category_id": 69, "positive": 153, "negative": 112, "happy": 1, "sad": 71, "angry": 32, "surprise": 112, "love": 30, "joy": 19, "offensive": 0, "non_offensive": 265}}, {"model": "review_api.categorydata", "pk": 79, "fields": {"category_id": 62, "positive": 187, "negative": 76, "happy": 5, "sad": 70, "angry": 39, "surprise": 97, "love": 18, "joy": 34, "offensive": 0, "non_offensive": 263}}, {"model": "review_api.categorydata", "pk": 80, "fields": {"category_id": 63, "positive": 1059, "negative": 507, "happy": 10, "sad": 479, "angry": 155, "surprise": 695, "love": 104, "joy": 123, "offensive": 0, "non_offensive": 1566}}, {"model": "review_api.categorydata", "pk": 81, "fields": {"category_id": 71, "positive": 464, "negative": 146, "happy": 8, "sad": 157, "angry": 52, "surprise": 270, "love": 61, "joy": 62, "offensive": 0, "non_offensive": 610}}, {"model": "review_api.categorydata", "pk": 82, "fields": {"category_id": 65, "positive": 168, "negative": 77, "happy": 4, "sad": 83, "angry": 28, "surprise": 90, "love": 20, "joy": 20, "offensive": 0, "non_offensive": 245}}, {"model": "review_api.categorydata", "pk": 83, "fields": {"category_id": 70, "positive": 913, "negative": 151, "happy": 22, "sad": 284, "angry": 101, "surprise": 470, "love": 68, "joy": 119, "offensive": 0, "non_offensive": 1064}}, {"model": "review_api.categorydata", "pk": 84, "fields": {"category_id": 64, "positive": 297, "negative": 98, "happy": 5, "sad": 108, "angry": 66, "surprise": 129, "love": 36, "joy": 51, "offensive": 0, "non_offensive": 395}}, {"model": "review_api.categorydata", "pk": 85, "fields": {"category_id": 31, "positive": 646, "negative": 267, "happy": 4, "sad": 239, "angry": 86, "surprise": 397, "love": 109, "joy": 78, "offensive": 0, "non_offensive": 913}}, {"model": "review_api.categorydata", "pk": 86, "fields": {"category_id": 81, "positive": 1596, "negative": 1338, "happy": 10, "sad": 585, "angry": 207, "surprise": 1495, "love": 455, "joy": 182, "offensive": 0, "non_offensive": 2934}}, {"model": "review_api.categorydata", "pk": 87, "fields": {"category_id": 84, "positive": 358, "negative": 245, "happy": 8, "sad": 103, "angry": 43, "surprise": 213, "love": 166, "joy": 70, "offensive": 0, "non_offensive": 603}}, {"model": "review_api.categorydata", "pk": 88, "fields": {"category_id": 72, "positive": 569, "negative": 143, "happy": 9, "sad": 340, "angry": 119, "surprise": 157, "love": 42, "joy": 45, "offensive": 0, "non_offensive": 712}}, {"model": "review_api.categorydata", "pk": 89, "fields": {"category_id": 66, "positive": 561, "negative": 287, "happy": 14, "sad": 216, "angry": 90, "surprise": 360, "love": 109, "joy": 59, "offensive": 0, "non_offensive": 848}}, {"model": "review_api.categorydata", "pk": 90, "fields": {"category_id": 82, "positive": 108, "negative": 25, "happy": 7, "sad": 42, "angry": 18, "surprise": 46, "love": 11, "joy": 9, "offensive": 0, "non_offensive": 133}}, {"model": "review_api.categorydata", "pk": 91, "fields": {"category_id": 73, "positive": 661, "negative": 134, "happy": 12, "sad": 198, "angry": 75, "surprise": 359, "love": 65, "joy": 86, "offensive": 0, "non_offensive": 795}}, {"model": "review_api.categorydata", "pk": 92, "fields": {"category_id": 99, "positive": 39, "negative": 9, "happy": 2, "sad": 11, "angry": 5, "surprise": 26, "love": 2, "joy": 2, "offensive": 0, "non_offensive": 48}}, {"model": "review_api.categorydata", "pk": 93, "fields": {"category_id": 97, "positive": 51, "negative": 20, "happy": 0, "sad": 25, "angry": 15, "surprise": 15, "love": 13, "joy": 3, "offensive": 0, "non_offensive": 71}}, {"model": "review_api.categorydata", "pk": 94, "fields": {"category_id": 23, "positive": 1074, "negative": 417, "happy": 21, "sad": 544, "angry": 158, "surprise": 546, "love": 100, "joy": 122, "offensive": 0, "non_offensive": 1491}}, {"model": "review_api.categorydata", "pk": 95, "fields": {"category_id": 103, "positive": 203, "negative": 103, "happy": 5, "sad": 76, "angry": 28, "surprise": 153, "love": 20, "joy": 24, "offensive": 0, "non_offensive": 306}}, {"model": "review_api.categorydata", "pk": 96, "fields": {"category_id": 32, "positive": 1574, "negative": 1255, "happy": 18, "sad": 595, "angry": 234, "surprise": 1354, "love": 373, "joy": 255, "offensive": 0, "non_offensive": 2829}}, {"model": "review_api.categorydata", "pk": 97, "fields": {"category_id": 28, "positive": 254, "negative": 56, "happy": 1, "sad": 77, "angry": 33, "surprise": 110, "love": 59, "joy": 30, "offensive": 0, "non_offensive": 310}}, {"model": "review_api.categorydata", "pk": 98, "fields": {"category_id": 83, "positive": 545, "negative": 420, "happy": 6, "sad": 238, "angry": 81, "surprise": 426, "love": 148, "joy": 66, "offensive": 0, "non_offensive": 965}}, {"model": "review_api.categorydata", "pk": 99, "fields": {"category_id": 102, "positive": 360, "negative": 218, "happy": 0, "sad": 156, "angry": 34, "surprise": 298, "love": 62, "joy": 28, "offensive": 0, "non_offensive": 578}}, {"model": "review_api.categorydata", "pk": 100, "fields": {"category_id": 80, "positive": 448, "negative": 298, "happy": 16, "sad": 194, "angry": 79, "surprise": 334, "love": 76, "joy": 47, "offensive": 0, "non_offensive": 746}}, {"model": "review_api.categorydata", "pk": 101, "fields": {"category_id": 77, "positive": 262, "negative": 100, "happy": 0, "sad": 114, "angry": 38, "surprise": 148, "love": 28, "joy": 34, "offensive": 0, "non_offensive": 362}}, {"model": "review_api.categorydata", "pk": 102, "fields": {"category_id": 54, "positive": 765, "negative": 276, "happy": 6, "sad": 314, "angry": 91, "surprise": 450, "love": 129, "joy": 51, "offensive": 0, "non_offensive": 1041}}, {"model": "review_api.categorydata", "pk": 103, "fields": {"category_id": 87, "positive": 107, "negative": 94, "happy": 2, "sad": 33, "angry": 80, "surprise": 63, "love": 10, "joy": 13, "offensive": 0, "non_offensive": 201}}, {"model": "review_api.region", "pk": 69, "fields": {"business_id": 1, "reg_id": 1, "sentiment": "positive", "emotion": "sadness"}}, {"model": "review_api.region", "pk": 70, "fields": {"business_id": 1, "reg_id": 2, "sentiment": "positive", "emotion": "surprise"}}, {"model": "review_api.region", "pk": 71, "fields": {"business_id": 1, "reg_id": 3, "sentiment": "negative", "emotion": "sadness"}}, {"model": "review_api.region", "pk": 72, "fields": {"business_id": 1, "reg_id": 4, "sentiment": "negative", "emotion": "love"}}, {"model": "review_api.region", "pk": 73, "fields": {"business_id": 1, "reg_id": 5, "sentiment": "positive", "emotion": "happiness"}}, {"model": "review_api.region", "pk": 74, "fields": {"business_id": 1, "reg_id": 6, "sentiment": "positive", "emotion": "love"}}, {"model": "review_api.region", "pk": 75, "fields": {"business_id": 1, "reg_id": 7, "sentiment": "negative", "emotion": "joy"}}, {"model": "review_api.region", "pk": 76, "fields": {"business_id": 1, "reg_id": 8, "sentiment": "positive", "emotion": "anger"}}, {"model": "review_api.region", "pk": 77, "fields": {"business_id": 1, "reg_id": 9, "sentiment": "negative", "emotion": "love"}}, {"model": "review_api.region", "pk": 78, "fields": {"business_id": 1, "reg_id": 10, "sentiment": "negative", "emotion": "surprise"}}, {"model": "review_api.region", "pk": 79, "fields": {"business_id": 1, "reg_id": 11, "sentiment": "positive", "emotion": "surprise"}}, {"model": "review_api.region", "pk": 80, "fields": {"business_id": 1, "reg_id": 12, "sentiment": "positive", "emotion": "surprise"}}, {"model": "review_api.region", "pk": 81, "fields": {"business_id": 1, "reg_id": 13, "sentiment": "negative", "emotion": "sadness"}}, {"model": "review_api.region", "pk": 82, "fields": {"business_id": 1, "reg_id": 14, "sentiment": "positive", "emotion": "joy"}}, {"model": "review_api.region", "pk": 83, "fields": {"business_id": 1, "reg_id": 15, "sentiment": "positive", "emotion": "happiness"}}, {"model": "review_api.region", "pk": 84, "fields": {"business_id": 1, "reg_id": 16, "sentiment": "positive", "emotion": "happiness"}}, {"model": "review_api.region", "pk": 85, "fields": {"business_id": 1, "reg_id": 17, "sentiment": "negative", "emotion": "love"}}, {"model": "review_api.region", "pk": 86, "fields": {"business_id": 1, "reg_id": 18, "sentiment": "negative", "emotion": "love"}}, {"model": "review_api.region", "pk": 87, "fields": {"business_id": 1, "reg_id": 19, "sentiment": "positive", "emotion": "happiness"}}, {"model": "review_api.region", "pk": 88, "fields": {"business_id": 1, "reg_id": 20, "sentiment": "positive", "emotion": "love"}}, {"model": "review_api.region", "pk": 89, "fields": {"business_id": 1, "reg_id": 21, "sentiment": "positive", "emotion": "sadness"}}, {"model": "review_api.region", "pk": 90, "fields": {"business_id": 1, "reg_id": 22, "sentiment": "positive", "emotion": "love"}}, {"model": "review_api.region", "pk": 91, "fields": {"business_id": 1, "reg_id": 23, "sentiment": "positive", "emotion": "joy"}}, {"model": "review_api.region", "pk": 92, "fields": {"business_id": 1, "reg_id": 24, "sentiment": "positive", "emotion": "happiness"}}, {"model": "review_api.region", "pk": 93, "fields": {"business_id": 1, "reg_id": 25, "sentiment": "negative", "emotion": "joy"}}, {"model": "review_api.region", "pk": 94, "fields": {"business_id": 1, "reg_id": 26, "sentiment": "negative", "emotion": "love"}}, {"model": "review_api.region", "pk": 95, "fields": {"business_id": 1, "reg_id": 27, "sentiment": "negative", "emotion": "sadness"}}, {"model": "review_api.region", "pk": 96, "fields": {"business_id": 1, "reg_id": 28, "sentiment": "negative", "emotion": "surprise"}}, {"model": "review_api.region", "pk": 97, "fields": {"business_id": 1, "reg_id": 29, "sentiment": "negative", "emotion": "happiness"}}, {"model": "review_api.region", "pk": 98, "fields": {"business_id": 1, "reg_id": 30, "sentiment": "positive", "emotion": "love"}}, {"model": "review_api.region", "pk": 99, "fields": {"business_id": 1, "reg_id": 31, "sentiment": "positive", "emotion": "happiness"}}, {"model": "review_api.region", "pk": 100, "fields": {"business_id": 1, "reg_id": 32, "sentiment": "positive", "emotion": "anger"}}, {"model": "review_api.region", "pk": 101, "fields": {"business_id": 1, "reg_id": 33, "sentiment": "positive", "emotion": "surprise"}}, {"model": "review_api.region", "pk": 102, "fields": {"business_id": 1, "reg_id": 34, "sentiment": "negative", "emotion": "anger"}}, {"model": "review_api.region", "pk": 103, "fields": {"business_id": 2, "reg_id": 1, "sentiment": "negative", "emotion": "joy"}}, {"model": "review_api.region", "pk": 104, "fields": {"business_id": 2, "reg_id": 2, "sentiment": "positive", "emotion": "anger"}}, {"model": "review_api.region", "pk": 105, "fields": {"business_id": 2, "reg_id": 3, "sentiment": "negative", "emotion": "joy"}}, {"model": "review_api.region", "pk": 106, "fields": {"business_id": 2, "reg_id": 4, "sentiment": "positive", "emotion": "surprise"}}, {"model": "review_api.region", "pk": 107, "fields": {"business_id": 2, "reg_id": 5, "sentiment": "positive", "emotion": "love"}}, {"model": "review_api.region", "pk": 108, "fields": {"business_id": 2, "reg_id": 6, "sentiment": "positive", "emotion": "surprise"}}, {"model": "review_api.region", "pk": 109, "fields": {"business_id": 2, "reg_id": 7, "sentiment": "positive", "emotion": "anger"}}, {"model": "review_api.region", "pk": 110, "fields": {"business_id": 2, "reg_id": 8, "sentiment": "negative", "emotion": "anger"}}, {"model": "review_api.region", "pk": 111, "fields": {"business_id": 2, "reg_id": 9, "sentiment": "positive", "emotion": "sadness"}}, {"model": "review_api.region", "pk": 112, "fields": {"business_id": 2, "reg_id": 10, "sentiment": "negative", "emotion": "joy"}}, {"model": "review_api.region", "pk": 113, "fields": {"business_id": 2, "reg_id": 11, "sentiment": "negative", "emotion": "sadness"}}, {"model": "review_api.region", "pk": 114, "fields": {"business_id": 2, "reg_id": 12, "sentiment": "positive", "emotion": "anger"}}, {"model": "review_api.region", "pk": 115, "fields": {"business_id": 2, "reg_id": 13, "sentiment": "negative", "emotion": "happiness"}}, {"model": "review_api.region", "pk": 116, "fields": {"business_id": 2, "reg_id": 14, "sentiment": "negative", "emotion": "sadness"}}, {"model": "review_api.region", "pk": 117, "fields": {"business_id": 2, "reg_id": 15, "sentiment": "positive", "emotion": "anger"}}, {"model": "review_api.region", "pk": 118, "fields": {"business_id": 2, "reg_id": 16, "sentiment": "negative", "emotion": "joy"}}, {"model": "review_api.region", "pk": 119, "fields": {"business_id": 2, "reg_id": 17, "sentiment": "negative", "emotion": "sadness"}}, {"model": "review_api.region", "pk": 120, "fields": {"business_id": 2, "reg_id": 18, "sentiment": "positive", "emotion": "love"}}, {"model": "review_api.region", "pk": 121, "fields": {"business_id": 2, "reg_id": 19, "sentiment": "positive", "emotion": "anger"}}, {"model": "review_api.region", "pk": 122, "fields": {"business_id": 2, "reg_id": 20, "sentiment": "negative", "emotion": "surprise"}}, {"model": "review_api.region", "pk": 123, "fields": {"business_id": 2, "reg_id": 21, "sentiment": "positive", "emotion": "anger"}}, {"model": "review_api.region", "pk": 124, "fields": {"business_id": 2, "reg_id": 22, "sentiment": "positive", "emotion": "sadness"}}, {"model": "review_api.region", "pk": 125, "fields": {"business_id": 2, "reg_id": 23, "sentiment": "negative", "emotion": "sadness"}}, {"model": "review_api.region", "pk": 126, "fields": {"business_id": 2, "reg_id": 24, "sentiment": "negative", "emotion": "love"}}, {"model": "review_api.region", "pk": 127, "fields": {"business_id": 2, "reg_id": 25, "sentiment": "positive", "emotion": "anger"}}, {"model": "review_api.region", "pk": 128, "fields": {"business_id": 2, "reg_id": 26, "sentiment": "positive", "emotion": "surprise"}}, {"model": "review_api.region", "pk": 129, "fields": {"business_id": 2, "reg_id": 27, "sentiment": "negative", "emotion": "joy"}}, {"model": "review_api.region", "pk": 130, "fields": {"business_id": 2, "reg_id": 28, "sentiment": "negative", "emotion": "surprise"}}, {"model": "review_api.region", "pk": 131, "fields": {"business_id": 2, "reg_id": 29, "sentiment": "negative", "emotion": "sadness"}}, {"model": "review_api.region", "pk": 132, "fields": {"business_id": 2, "reg_id": 30, "sentiment": "positive", "emotion": "joy"}}, {"model": "review_api.region", "pk": 133, "fields": {"business_id": 2, "reg_id": 31, "sentiment": "negative", "emotion": "happiness"}}, {"model": "review_api.region", "pk": 134, "fields": {"business_id": 2, "reg_id": 32, "sentiment": "positive", "emotion": "happiness"}}, {"model": "review_api.region", "pk": 135, "fields": {"business_id": 2, "reg_id": 33, "sentiment": "positive", "emotion": "surprise"}}, {"model": "review_api.region", "pk": 136, "fields": {"business_id": 2, "reg_id": 34, "sentiment": "positive", "emotion": "happiness"}}, {"model": "review_api.region", "pk": 137, "fields": {"business_id": 3, "reg_id": 1, "sentiment": "negative", "emotion": "happiness"}}, {"model": "review_api.region", "pk": 138, "fields": {"business_id": 3, "reg_id": 2, "sentiment": "negative", "emotion": "joy"}}, {"model": "review_api.region", "pk": 139, "fields": {"business_id": 3, "reg_id": 3, "sentiment": "positive", "emotion": "anger"}}, {"model": "review_api.region", "pk": 140, "fields": {"business_id": 3, "reg_id": 4, "sentiment": "negative", "emotion": "happiness"}}, {"model": "review_api.region", "pk": 141, "fields": {"business_id": 3, "reg_id": 5, "sentiment": "positive", "emotion": "anger"}}, {"model": "review_api.region", "pk": 142, "fields": {"business_id": 3, "reg_id": 6, "sentiment": "negative", "emotion": "love"}}, {"model": "review_api.region", "pk": 143, "fields": {"business_id": 3, "reg_id": 7, "sentiment": "positive", "emotion": "happiness"}}, {"model": "review_api.region", "pk": 144, "fields": {"business_id": 3, "reg_id": 8, "sentiment": "positive", "emotion": "joy"}}, {"model": "review_api.region", "pk": 145, "fields": {"business_id": 3, "reg_id": 9, "sentiment": "positive", "emotion": "anger"}}, {"model": "review_api.region", "pk": 146, "fields": {"business_id": 3, "reg_id": 10, "sentiment": "negative", "emotion": "joy"}}, {"model": "review_api.region", "pk": 147, "fields": {"business_id": 3, "reg_id": 11, "sentiment": "negative", "emotion": "happiness"}}, {"model": "review_api.region", "pk": 148, "fields": {"business_id": 3, "reg_id": 12, "sentiment": "negative", "emotion": "love"}}, {"model": "review_api.region", "pk": 149, "fields": {"business_id": 3, "reg_id": 13, "sentiment": "positive", "emotion": "love"}}, {"model": "review_api.region", "pk": 150, "fields": {"business_id": 3, "reg_id": 14, "sentiment": "negative", "emotion": "love"}}, {"model": "review_api.region", "pk": 151, "fields": {"business_id": 3, "reg_id": 15, "sentiment": "positive", "emotion": "surprise"}}, {"model": "review_api.region", "pk": 152, "fields": {"business_id": 3, "reg_id": 16, "sentiment": "positive", "emotion": "sadness"}}, {"model": "review_api.region", "pk": 153, "fields": {"business_id": 3, "reg_id": 17, "sentiment": "negative", "emotion": "surprise"}}, {"model": "review_api.region", "pk": 154, "fields": {"business_id": 3, "reg_id": 18, "sentiment": "positive", "emotion": "joy"}}, {"model": "review_api.region", "pk": 155, "fields": {"business_id": 3, "reg_id": 19, "sentiment": "positive", "emotion": "surprise"}}, {"model": "review_api.region", "pk": 156, "fields": {"business_id": 3, "reg_id": 20, "sentiment": "negative", "emotion": "happiness"}}, {"model": "review_api.region", "pk": 157, "fields": {"business_id": 3, "reg_id": 21, "sentiment": "positive", "emotion": "love"}}, {"model": "review_api.region", "pk": 158, "fields": {"business_id": 3, "reg_id": 22, "sentiment": "positive", "emotion": "sadness"}}, {"model": "review_api.region", "pk": 159, "fields": {"business_id": 3, "reg_id": 23, "sentiment": "negative", "emotion": "anger"}}, {"model": "review_api.region", "pk": 160, "fields": {"business_id": 3, "reg_id": 24, "sentiment": "negative", "emotion": "love"}}, {"model": "review_api.region", "pk": 161, "fields": {"business_id": 3, "reg_id": 25, "sentiment": "negative", "emotion": "anger"}}, {"model": "review_api.region", "pk": 162, "fields": {"business_id": 3, "reg_id": 26, "sentiment": "positive", "emotion": "surprise"}}, {"model": "review_api.region", "pk": 163, "fields": {"business_id": 3, "reg_id": 27, "sentiment": "positive", "emotion": "happiness"}}, {"model": "review_api.region", "pk": 164, "fields": {"business_id": 3, "reg_id": 28, "sentiment": "positive", "emotion": "happiness"}}, {"model": "review_api.region", "pk": 165, "fields": {"business_id": 3, "reg_id": 29, "sentiment": "positive", "emotion": "happiness"}}, {"model": "review_api.region", "pk": 166, "fields": {"business_id": 3, "reg_id": 30, "sentiment": "positive", "emotion": "anger"}}, {"model": "review_api.region", "pk": 167, "fields": {"business_id": 3, "reg_id": 31, "sentiment": "negative", "emotion": "sadness"}}, {"model": "review_api.region", "pk": 168, "fields": {"business_id": 3, "reg_id": 32, "sentiment": "negative", "emotion": "anger"}}, {"model": "review_api.region", "pk": 169, "fields": {"business_id": 3, "reg_id": 33, "sentiment": "negative", "emotion": "surprise"}}, {"model": "review_api.region", "pk": 170, "fields": {"business_id": 3, "reg_id": 34, "sentiment": "positive", "emotion": "anger"}}, {"model": "review_api.region", "pk": 171, "fields": {"business_id": 4, "reg_id": 1, "sentiment": "positive", "emotion": "love"}}, {"model": "review_api.region", "pk": 172, "fields": {"business_id": 4, "reg_id": 2, "sentiment": "negative", "emotion": "happiness"}}, {"model": "review_api.region", "pk": 173, "fields": {"business_id": 4, "reg_id": 3, "sentiment": "positive", "emotion": "sadness"}}, {"model": "review_api.region", "pk": 174, "fields": {"business_id": 4, "reg_id": 4, "sentiment": "positive", "emotion": "love"}}, {"model": "review_api.region", "pk": 175, "fields": {"business_id": 4, "reg_id": 5, "sentiment": "negative", "emotion": "surprise"}}, {"model": "review_api.region", "pk": 176, "fields": {"business_id": 4, "reg_id": 6, "sentiment": "negative", "emotion": "love"}}, {"model": "review_api.region", "pk": 177, "fields": {"business_id": 4, "reg_id": 7, "sentiment": "positive", "emotion": "anger"}}, {"model": "review_api.region", "pk": 178, "fields": {"business_id": 4, "reg_id": 8, "sentiment": "negative", "emotion": "sadness"}}, {"model": "review_api.region", "pk": 179, "fields": {"business_id": 4, "reg_id": 9, "sentiment": "negative", "emotion": "happiness"}}, {"model": "review_api.region", "pk": 180, "fields": {"business_id": 4, "reg_id": 10, "sentiment": "positive", "emotion": "happiness"}}, {"model": "review_api.region", "pk": 181, "fields": {"business_id": 4, "reg_id": 11, "sentiment": "positive", "emotion": "sadness"}}, {"model": "review_api.region", "pk": 182, "fields": {"business_id": 4, "reg_id": 12, "sentiment": "negative", "emotion": "joy"}}, {"model": "review_api.region", "pk": 183, "fields": {"business_id": 4, "reg_id": 13, "sentiment": "positive", "emotion": "surprise"}}, {"model": "review_api.region", "pk": 184, "fields": {"business_id": 4, "reg_id": 14, "sentiment": "positive", "emotion": "happiness"}}, {"model": "review_api.region", "pk": 185, "fields": {"business_id": 4, "reg_id": 15, "sentiment": "positive", "emotion": "joy"}}, {"model": "review_api.region", "pk": 186, "fields": {"business_id": 4, "reg_id": 16, "sentiment": "positive", "emotion": "joy"}}, {"model": "review_api.region", "pk": 187, "fields": {"business_id": 4, "reg_id": 17, "sentiment": "positive", "emotion": "happiness"}}, {"model": "review_api.region", "pk": 188, "fields": {"business_id": 4, "reg_id": 18, "sentiment": "negative", "emotion": "surprise"}}, {"model": "review_api.region", "pk": 189, "fields": {"business_id": 4, "reg_id": 19, "sentiment": "positive", "emotion": "happiness"}}, {"model": "review_api.region", "pk": 190, "fields": {"business_id": 4, "reg_id": 20, "sentiment": "positive", "emotion": "anger"}}, {"model": "review_api.region", "pk": 191, "fields": {"business_id": 4, "reg_id": 21, "sentiment": "negative", "emotion": "happiness"}}, {"model": "review_api.region", "pk": 192, "fields": {"business_id": 4, "reg_id": 22, "sentiment": "positive", "emotion": "happiness"}}, {"model": "review_api.region", "pk": 193, "fields": {"business_id": 4, "reg_id": 23, "sentiment": "positive", "emotion": "anger"}}, {"model": "review_api.region", "pk": 194, "fields": {"business_id": 4, "reg_id": 24, "sentiment": "positive", "emotion": "sadness"}}, {"model": "review_api.region", "pk": 195, "fields": {"business_id": 4, "reg_id": 25, "sentiment": "negative", "emotion": "surprise"}}, {"model": "review_api.region", "pk": 196, "fields": {"business_id": 4, "reg_id": 26, "sentiment": "negative", "emotion": "surprise"}}, {"model": "review_api.region", "pk": 197, "fields": {"business_id": 4, "reg_id": 27, "sentiment": "positive", "emotion": "love"}}, {"model": "review_api.region", "pk": 198, "fields": {"business_id": 4, "reg_id": 28, "sentiment": "positive", "emotion": "sadness"}}, {"model": "review_api.region", "pk": 199, "fields": {"business_id": 4, "reg_id": 29, "sentiment": "negative", "emotion": "anger"}}, {"model": "review_api.region", "pk": 200, "fields": {"business_id": 4, "reg_id": 30, "sentiment": "positive", "emotion": "love"}}, {"model": "review_api.region", "pk": 201, "fields": {"business_id": 4, "reg_id": 31, "sentiment": "positive", "emotion": "happiness"}}, {"model": "review_api.region", "pk": 202, "fields": {"business_id": 4, "reg_id": 32, "sentiment": "negative", "emotion": "love"}}, {"model": "review_api.region", "pk": 203, "fields": {"business_id": 4, "reg_id": 33, "sentiment": "negative", "emotion": "joy"}}, {"model": "review_api.region", "pk": 204, "fields": {"business_id": 4, "reg_id": 34, "sentiment": "positive", "emotion": "happiness"}}, {"model": "contenttypes.contenttype", "pk": 1, "fields": {"app_label": "review_api", "model": "business"}}, {"model": "contenttypes.contenttype", "pk": 2, "fields": {"app_label": "review_api", "model": "category"}}, {"model": "contenttypes.contenttype", "pk": 3, "fields": {"app_label": "review_api", "model": "review"}}, {"model": "contenttypes.contenttype", "pk": 4, "fields": {"app_label": "review_api", "model": "sentiment"}}, {"model": "contenttypes.contenttype", "pk": 5, "fields": {"app_label": "review_api", "model": "offensivetext"}}, {"model": "contenttypes.contenttype", "pk": 6, "fields": {"app_label": "review_api", "model": "emotion"}}, {"model": "contenttypes.contenttype", "pk": 7, "fields": {"app_label": "admin", "model": "logentry"}}, {"model": "contenttypes.contenttype", "pk": 8, "fields": {"app_label": "auth", "model": "permission"}}, {"model": "contenttypes.contenttype", "pk": 9, "fields": {"app_label": "auth", "model": "group"}}, {"model": "contenttypes.contenttype", "pk": 10, "fields": {"app_label": "auth", "model": "user"}}, {"model": "contenttypes.contenttype", "pk": 11, "fields": {"app_label": "contenttypes", "model": "contenttype"}}, {"model": "contenttypes.contenttype", "pk": 12, "fields": {"app_label": "sessions", "model": "session"}}, {"model": "contenttypes.contenttype", "pk": 13, "fields": {"app_label": "review_api", "model": "categorydata"}}, {"model": "contenttypes.contenttype", "pk": 14, "fields": {"app_label": "review_api", "model": "offense"}}, {"model": "contenttypes.contenttype", "pk": 15, "fields": {"app_label": "review_api", "model": "region"}}, {"model": "auth.permission", "pk": 1, "fields": {"name": "Can add business", "content_type": 1, "codename": "add_business"}}, {"model": "auth.permission", "pk": 2, "fields": {"name": "Can change business", "content_type": 1, "codename": "change_business"}}, {"model": "auth.permission", "pk": 3, "fields": {"name": "Can delete business", "content_type": 1, "codename": "delete_business"}}, {"model": "auth.permission", "pk": 4, "fields": {"name": "Can view business", "content_type": 1, "codename": "view_business"}}, {"model": "auth.permission", "pk": 5, "fields": {"name": "Can add category", "content_type": 2, "codename": "add_category"}}, {"model": "auth.permission", "pk": 6, "fields": {"name": "Can change category", "content_type": 2, "codename": "change_category"}}, {"model": "auth.permission", "pk": 7, "fields": {"name": "Can delete category", "content_type": 2, "codename": "delete_category"}}, {"model": "auth.permission", "pk": 8, "fields": {"name": "Can view category", "content_type": 2, "codename": "view_category"}}, {"model": "auth.permission", "pk": 9, "fields": {"name": "Can add review", "content_type": 3, "codename": "add_review"}}, {"model": "auth.permission", "pk": 10, "fields": {"name": "Can change review", "content_type": 3, "codename": "change_review"}}, {"model": "auth.permission", "pk": 11, "fields": {"name": "Can delete review", "content_type": 3, "codename": "delete_review"}}, {"model": "auth.permission", "pk": 12, "fields": {"name": "Can view review", "content_type": 3, "codename": "view_review"}}, {"model": "auth.permission", "pk": 13, "fields": {"name": "Can add sentiment", "content_type": 4, "codename": "add_sentiment"}}, {"model": "auth.permission", "pk": 14, "fields": {"name": "Can change sentiment", "content_type": 4, "codename": "change_sentiment"}}, {"model": "auth.permission", "pk": 15, "fields": {"name": "Can delete sentiment", "content_type": 4, "codename": "delete_sentiment"}}, {"model": "auth.permission", "pk": 16, "fields": {"name": "Can view sentiment", "content_type": 4, "codename": "view_sentiment"}}, {"model": "auth.permission", "pk": 17, "fields": {"name": "Can add offensive text", "content_type": 5, "codename": "add_offensivetext"}}, {"model": "auth.permission", "pk": 18, "fields": {"name": "Can change offensive text", "content_type": 5, "codename": "change_offensivetext"}}, {"model": "auth.permission", "pk": 19, "fields": {"name": "Can delete offensive text", "content_type": 5, "codename": "delete_offensivetext"}}, {"model": "auth.permission", "pk": 20, "fields": {"name": "Can view offensive text", "content_type": 5, "codename": "view_offensivetext"}}, {"model": "auth.permission", "pk": 21, "fields": {"name": "Can add emotion", "content_type": 6, "codename": "add_emotion"}}, {"model": "auth.permission", "pk": 22, "fields": {"name": "Can change emotion", "content_type": 6, "codename": "change_emotion"}}, {"model": "auth.permission", "pk": 23, "fields": {"name": "Can delete emotion", "content_type": 6, "codename": "delete_emotion"}}, {"model": "auth.permission", "pk": 24, "fields": {"name": "Can view emotion", "content_type": 6, "codename": "view_emotion"}}, {"model": "auth.permission", "pk": 25, "fields": {"name": "Can add log entry", "content_type": 7, "codename": "add_logentry"}}, {"model": "auth.permission", "pk": 26, "fields": {"name": "Can change log entry", "content_type": 7, "codename": "change_logentry"}}, {"model": "auth.permission", "pk": 27, "fields": {"name": "Can delete log entry", "content_type": 7, "codename": "delete_logentry"}}, {"model": "auth.permission", "pk": 28, "fields": {"name": "Can view log entry", "content_type": 7, "codename": "view_logentry"}}, {"model": "auth.permission", "pk": 29, "fields": {"name": "Can add permission", "content_type": 8, "codename": "add_permission"}}, {"model": "auth.permission", "pk": 30, "fields": {"name": "Can change permission", "content_type": 8, "codename": "change_permission"}}, {"model": "auth.permission", "pk": 31, "fields": {"name": "Can delete permission", "content_type": 8, "codename": "delete_permission"}}, {"model": "auth.permission", "pk": 32, "fields": {"name": "Can view permission", "content_type": 8, "codename": "view_permission"}}, {"model": "auth.permission", "pk": 33, "fields": {"name": "Can add group", "content_type": 9, "codename": "add_group"}}, {"model": "auth.permission", "pk": 34, "fields": {"name": "Can change group", "content_type": 9, "codename": "change_group"}}, {"model": "auth.permission", "pk": 35, "fields": {"name": "Can delete group", "content_type": 9, "codename": "delete_group"}}, {"model": "auth.permission", "pk": 36, "fields": {"name": "Can view group", "content_type": 9, "codename": "view_group"}}, {"model": "auth.permission", "pk": 37, "fields": {"name": "Can add user", "content_type": 10, "codename": "add_user"}}, {"model": "auth.permission", "pk": 38, "fields": {"name": "Can change user", "content_type": 10, "codename": "change_user"}}, {"model": "auth.permission", "pk": 39, "fields": {"name": "Can delete user", "content_type": 10, "codename": "delete_user"}}, {"model": "auth.permission", "pk": 40, "fields": {"name": "Can view user", "content_type": 10, "codename": "view_user"}}, {"model": "auth.permission", "pk": 41, "fields": {"name": "Can add content type", "content_type": 11, "codename": "add_contenttype"}}, {"model": "auth.permission", "pk": 42, "fields": {"name": "Can change content type", "content_type": 11, "codename": "change_contenttype"}}, {"model": "auth.permission", "pk": 43, "fields": {"name": "Can delete content type", "content_type": 11, "codename": "delete_contenttype"}}, {"model": "auth.permission", "pk": 44, "fields": {"name": "Can view content type", "content_type": 11, "codename": "view_contenttype"}}, {"model": "auth.permission", "pk": 45, "fields": {"name": "Can add session", "content_type": 12, "codename": "add_session"}}, {"model": "auth.permission", "pk": 46, "fields": {"name": "Can change session", "content_type": 12, "codename": "change_session"}}, {"model": "auth.permission", "pk": 47, "fields": {"name": "Can delete session", "content_type": 12, "codename": "delete_session"}}, {"model": "auth.permission", "pk": 48, "fields": {"name": "Can view session", "content_type": 12, "codename": "view_session"}}, {"model": "auth.permission", "pk": 49, "fields": {"name": "Can add category data", "content_type": 13, "codename": "add_categorydata"}}, {"model": "auth.permission", "pk": 50, "fields": {"name": "Can change category data", "content_type": 13, "codename": "change_categorydata"}}, {"model": "auth.permission", "pk": 51, "fields": {"name": "Can delete category data", "content_type": 13, "codename": "delete_categorydata"}}, {"model": "auth.permission", "pk": 52, "fields": {"name": "Can view category data", "content_type": 13, "codename": "view_categorydata"}}, {"model": "auth.permission", "pk": 53, "fields": {"name": "Can add offense", "content_type": 14, "codename": "add_offense"}}, {"model": "auth.permission", "pk": 54, "fields": {"name": "Can change offense", "content_type": 14, "codename": "change_offense"}}, {"model": "auth.permission", "pk": 55, "fields": {"name": "Can delete offense", "content_type": 14, "codename": "delete_offense"}}, {"model": "auth.permission", "pk": 56, "fields": {"name": "Can view offense", "content_type": 14, "codename": "view_offense"}}, {"model": "auth.permission", "pk": 57, "fields": {"name": "Can add region", "content_type": 15, "codename": "add_region"}}, {"model": "auth.permission", "pk": 58, "fields": {"name": "Can change region", "content_type": 15, "codename": "change_region"}}, {"model": "auth.permission", "pk": 59, "fields": {"name": "Can delete region", "content_type": 15, "codename": "delete_region"}}, {"model": "auth.permission", "pk": 60, "fields": {"name": "Can view region", "content_type": 15, "codename": "view_region"}}]